<?xml version="1.0" encoding="UTF-8"?>
<actor PGFVersion="0.25" id="id251473" GSCVersion="1.25.79"><attributes><text id="name">f1 copy 4</text><real id="time">0</real><point id="position"><real id="x">0</real><real id="y">0</real></point><size id="size"><real id="width">10</real><real id="height">6</real></size><angle id="rotation">0</angle><color id="color"><real id="red">0.11443707346916</real><real id="green">0.1949642598629</real><real id="blue">0.50442445278168</real><real id="alpha">0.52999997138977</real></color><image id="image">f1</image><text id="tags"></text><boolean id="preloadArt">true</boolean></attributes><behaviors><behavior id="id444232" class="AnimateBehavior" enabled="true"><attributes><text id="name">Animate</text><text id="bundleName">Animate.behavior</text><text id="images">f1	f2</text><index id="speed">9</index><boolean id="loop">true</boolean><boolean id="restoreActorImage">false</boolean><text id="currentFrameAttribute"></text></attributes></behavior><behavior id="id603244" class="TimerBehavior" enabled="true"><attributes><text id="name">Timer</text><text id="bundleName">Timer.behavior</text><boolean id="runOnce">false</boolean><boolean id="runSequentially">false</boolean><index id="timerType">1</index><real id="interval">19</real><boolean id="runToCompletion">true</boolean></attributes><behaviors><behavior id="id446813" class="MoveBehavior" enabled="true"><attributes><text id="name">Move</text><text id="bundleName">Move.behavior</text><angle id="direction">180</angle><index id="space">0</index><index id="moveType">0</index><real id="speed">100</real><boolean id="haltWhenBehaviorStops">true</boolean></attributes></behavior></behaviors></behavior></behaviors><aspects><graphics><attributes><boolean id="visible">true</boolean><enumeration id="blendingMode">0</enumeration><enumeration id="horizontalWrap">0</enumeration><enumeration id="verticalWrap">0</enumeration><enumeration id="horizontalAnchor">0</enumeration><enumeration id="verticalAnchor">0</enumeration><boolean id="flipHorizontally">false</boolean><boolean id="flipVertically">false</boolean><integer id="tileWidth">10</integer><integer id="tileHeight">6</integer></attributes></graphics><motion><attributes><point id="linearVelocity"><real id="x">0</real><real id="y">0</real></point><point id="centerOfMass"><real id="x">0</real><real id="y">0</real></point><real id="angularVelocity">0</real><real id="maxSpeed">0</real><boolean id="applyMaxSpeed">false</boolean><boolean id="pin">false</boolean></attributes></motion><physics><attributes><real id="density">1</real><real id="friction">3</real><real id="restitution">1</real><boolean id="fixedRotation">false</boolean><boolean id="movable">true</boolean><enumeration id="collisionShape">0</enumeration><real id="drag">0</real><real id="angularDrag">0</real><boolean id="canSleep">true</boolean><boolean id="betterColisions">false</boolean></attributes></physics></aspects></actor>
