<?xml version="1.0" encoding="UTF-8"?>
<actor PGFVersion="0.25" id="id141381" GSCVersion="1.25.79"><attributes><text id="name">ge1</text><real id="time">0</real><point id="position"><real id="x">0</real><real id="y">0</real></point><size id="size"><real id="width">92</real><real id="height">156</real></size><angle id="rotation">0</angle><color id="color"><real id="red">1</real><real id="green">1</real><real id="blue">1</real><real id="alpha">1</real></color><image id="image">ge1</image><text id="tags"></text><boolean id="preloadArt">true</boolean></attributes><behaviors><behavior id="id722624" class="AnimateBehavior" enabled="true"><attributes><text id="name">Animate</text><text id="bundleName">Animate.behavior</text><text id="images">ge1	ge2	ge3</text><index id="speed">6</index><boolean id="loop">true</boolean><boolean id="restoreActorImage">false</boolean><text id="currentFrameAttribute"></text></attributes></behavior><behavior id="id605764" class="MoveBehavior" enabled="true"><attributes><text id="name">Move</text><text id="bundleName">Move.behavior</text><angle id="direction">90</angle><index id="space">0</index><index id="moveType">0</index><real id="speed">100</real><boolean id="haltWhenBehaviorStops">true</boolean></attributes></behavior><behavior id="id623567" class="PlaySoundAction" enabled="true"><attributes><text id="name">Play Sound</text><text id="bundleName">PlaySound.behavior</text><sound id="soundName">GEMI</sound><boolean id="loop">true</boolean><boolean id="runToCompletion">true</boolean><boolean id="positional">false</boolean><boolean id="dopplerShift">false</boolean><real id="volume">0.37048192771084</real><real id="pitch">1</real></attributes></behavior><behavior id="id158532" class="TimerBehavior" enabled="true"><attributes><text id="name">Timer</text><text id="bundleName">Timer.behavior</text><boolean id="runOnce">false</boolean><boolean id="runSequentially">false</boolean><index id="timerType">0</index><real id="interval">6</real><boolean id="runToCompletion">true</boolean></attributes><behaviors><behavior id="id743565" class="SpawnAction" enabled="true"><attributes><text id="name">Spawn Actor</text><text id="bundleName">Spawn.behavior</text><text id="prototypeKey">id520628</text><angle id="direction">0</angle><index id="directionSpace">0</index><real id="x">6</real><real id="y">14</real><index id="positionSpace">0</index><index id="layerOrder">1</index></attributes></behavior></behaviors></behavior></behaviors><aspects><graphics><attributes><boolean id="visible">true</boolean><enumeration id="blendingMode">0</enumeration><enumeration id="horizontalWrap">0</enumeration><enumeration id="verticalWrap">0</enumeration><enumeration id="horizontalAnchor">0</enumeration><enumeration id="verticalAnchor">0</enumeration><boolean id="flipHorizontally">false</boolean><boolean id="flipVertically">false</boolean><integer id="tileWidth">92</integer><integer id="tileHeight">156</integer></attributes></graphics><motion><attributes><point id="linearVelocity"><real id="x">0</real><real id="y">0</real></point><point id="centerOfMass"><real id="x">0</real><real id="y">0</real></point><real id="angularVelocity">0</real><real id="maxSpeed">0</real><boolean id="applyMaxSpeed">false</boolean><boolean id="pin">false</boolean></attributes></motion><physics><attributes><real id="density">1</real><real id="friction">3</real><real id="restitution">1</real><boolean id="fixedRotation">false</boolean><boolean id="movable">true</boolean><enumeration id="collisionShape">0</enumeration><real id="drag">0</real><real id="angularDrag">0</real><boolean id="canSleep">true</boolean><boolean id="betterColisions">false</boolean></attributes></physics></aspects></actor>
