<?xml version="1.0" encoding="UTF-8"?>
<actor PGFVersion="0.25" id="id274783" GSCVersion="1.25.79"><attributes><text id="name">eye1</text><real id="time">0</real><point id="position"><real id="x">0</real><real id="y">0</real></point><size id="size"><real id="width">37</real><real id="height">30</real></size><angle id="rotation">0</angle><color id="color"><real id="red">1</real><real id="green">1</real><real id="blue">1</real><real id="alpha">1</real></color><image id="image">eye1</image><text id="tags"></text><boolean id="preloadArt">true</boolean><boolean name="eye" id="id972017">false</boolean></attributes><behaviors><behavior id="id613363" class="AnimateBehavior" enabled="true"><attributes><text id="name">Animate</text><text id="bundleName">Animate.behavior</text><text id="images">eye1	eye2	eye3	eye4	eye5	eye6	eye6	eye6	eye6	eye6	eye6	eye6	eye6	eye5	eye4	eye3	eye2	eye1	eye1	eye1	eye1	eye1	eye1	eye1	eye1	eye1	eye1	eye1	eye1</text><index id="speed">6</index><boolean id="loop">true</boolean><boolean id="restoreActorImage">false</boolean><text id="currentFrameAttribute"></text></attributes></behavior></behaviors><aspects><graphics><attributes><boolean id="visible">true</boolean><enumeration id="blendingMode">0</enumeration><enumeration id="horizontalWrap">0</enumeration><enumeration id="verticalWrap">0</enumeration><enumeration id="horizontalAnchor">0</enumeration><enumeration id="verticalAnchor">0</enumeration><boolean id="flipHorizontally">false</boolean><boolean id="flipVertically">false</boolean><integer id="tileWidth">37</integer><integer id="tileHeight">30</integer></attributes></graphics><motion><attributes><point id="linearVelocity"><real id="x">0</real><real id="y">0</real></point><point id="centerOfMass"><real id="x">0</real><real id="y">0</real></point><real id="angularVelocity">0</real><real id="maxSpeed">0</real><boolean id="applyMaxSpeed">false</boolean><boolean id="pin">false</boolean></attributes></motion><physics><attributes><real id="density">1</real><real id="friction">3</real><real id="restitution">1</real><boolean id="fixedRotation">false</boolean><boolean id="movable">true</boolean><enumeration id="collisionShape">0</enumeration><real id="drag">0</real><real id="angularDrag">0</real><boolean id="canSleep">true</boolean><boolean id="betterColisions">false</boolean></attributes></physics></aspects></actor>
