<?xml version="1.0" encoding="UTF-8"?>
<actor PGFVersion="0.25" id="id117353" GSCVersion="1.25.79"><attributes><text id="name">subb</text><real id="time">0</real><point id="position"><real id="x">0</real><real id="y">0</real></point><size id="size"><real id="width">960</real><real id="height">540</real></size><angle id="rotation">0</angle><color id="color"><real id="red">1</real><real id="green">1</real><real id="blue">1</real><real id="alpha">1</real></color><image id="image">subb</image><text id="tags"></text><boolean id="preloadArt">true</boolean></attributes><behaviors><behavior id="id183452" class="TimerBehavior" enabled="true"><attributes><text id="name">Timer</text><text id="bundleName">Timer.behavior</text><boolean id="runOnce">false</boolean><boolean id="runSequentially">false</boolean><index id="timerType">0</index><real id="interval">1</real><boolean id="runToCompletion">true</boolean></attributes><behaviors><behavior id="id567726" class="SpawnAction" enabled="true"><attributes><text id="name">Spawn Actor</text><text id="bundleName">Spawn.behavior</text><text id="prototypeKey">id408191</text><angle id="direction">0</angle><index id="directionSpace">0</index><real id="x">333</real><real id="y">1683</real><index id="positionSpace">1</index><index id="layerOrder">0</index></attributes></behavior><behavior id="id490096" class="SpawnAction" enabled="true"><attributes><text id="name">Spawn Actor</text><text id="bundleName">Spawn.behavior</text><text id="prototypeKey">id228862</text><angle id="direction">0</angle><index id="directionSpace">0</index><real id="x">333</real><real id="y">1683</real><index id="positionSpace">1</index><index id="layerOrder">0</index></attributes></behavior></behaviors></behavior><behavior id="id797978" class="PlaySoundAction" enabled="true"><attributes><text id="name">Play Sound</text><text id="bundleName">PlaySound.behavior</text><sound id="soundName">INTRO</sound><boolean id="loop">true</boolean><boolean id="runToCompletion">true</boolean><boolean id="positional">false</boolean><boolean id="dopplerShift">false</boolean><real id="volume">0.26411897590361</real><real id="pitch">1</real></attributes></behavior><behavior enabled="true" id="id723698" class="RuleBehavior"><attributes><text id="name">Rule</text><text id="bundleName">Rule.behavior</text><boolean id="runOnce">false</boolean><boolean id="runSequentially">false</boolean><real id="compoundConditionKind">0</real></attributes><conditions><condition id="id950986" pluginPredicateTypeIndex="0" eventType="touch"><attributes><index id="conditionType">0</index></attributes><predicate type="touch" conditionType="pressed"><attributes/></predicate></condition></conditions><behaviors><behavior id="id297391" class="ChangeSceneAction" enabled="true"><attributes><text id="name">Change Scene</text><text id="bundleName">ChangeScene.behavior</text><text id="sceneKey">next</text><index id="enableAdvertisement">0</index><index id="index">1</index></attributes></behavior></behaviors><elseBehaviors/></behavior></behaviors><aspects><graphics><attributes><boolean id="visible">true</boolean><enumeration id="blendingMode">0</enumeration><enumeration id="horizontalWrap">0</enumeration><enumeration id="verticalWrap">0</enumeration><enumeration id="horizontalAnchor">0</enumeration><enumeration id="verticalAnchor">0</enumeration><boolean id="flipHorizontally">false</boolean><boolean id="flipVertically">false</boolean><integer id="tileWidth">960</integer><integer id="tileHeight">540</integer></attributes></graphics><motion><attributes><point id="linearVelocity"><real id="x">0</real><real id="y">0</real></point><point id="centerOfMass"><real id="x">0</real><real id="y">0</real></point><real id="angularVelocity">0</real><real id="maxSpeed">0</real><boolean id="applyMaxSpeed">false</boolean><boolean id="pin">false</boolean></attributes></motion><physics><attributes><real id="density">1</real><real id="friction">3</real><real id="restitution">1</real><boolean id="fixedRotation">false</boolean><boolean id="movable">true</boolean><enumeration id="collisionShape">0</enumeration><real id="drag">0</real><real id="angularDrag">0</real><boolean id="canSleep">true</boolean><boolean id="betterColisions">false</boolean></attributes></physics></aspects></actor>
