<?xml version="1.0" encoding="UTF-8"?>
<actor PGFVersion="0.25" id="id228862" GSCVersion="1.25.79"><attributes><text id="name">sub2</text><real id="time">0</real><point id="position"><real id="x">0</real><real id="y">0</real></point><size id="size"><real id="width">960</real><real id="height">540</real></size><angle id="rotation">0</angle><color id="color"><real id="red">1</real><real id="green">1</real><real id="blue">1</real><real id="alpha">1</real></color><image id="image">sub2</image><text id="tags"></text><boolean id="preloadArt">true</boolean></attributes><behaviors><behavior id="id230160" class="TimerBehavior" enabled="true"><attributes><text id="name">Timer</text><text id="bundleName">Timer.behavior</text><boolean id="runOnce">false</boolean><boolean id="runSequentially">false</boolean><index id="timerType">0</index><real id="interval">0.1</real><boolean id="runToCompletion">true</boolean></attributes><behaviors><behavior id="id749413" class="ChangeAttributeAction" enabled="true"><attributes><text id="name">Change Attribute</text><text id="bundleName">ChangeAttribute.behavior</text><text id="targetAttribute">self.attributes.size.height</text><text id="RHS"><expression><reference keypath="self.attributes.size.height"/><string xml:space="preserve">+2</string></expression></text></attributes></behavior><behavior id="id152937" class="ChangeAttributeAction" enabled="true"><attributes><text id="name">Change Attribute</text><text id="bundleName">ChangeAttribute.behavior</text><text id="targetAttribute">self.attributes.size.width</text><text id="RHS"><expression><reference keypath="self.attributes.size.width"/><string xml:space="preserve">+2</string></expression></text></attributes></behavior></behaviors></behavior><behavior id="id699653" class="MoveBehavior" enabled="true"><attributes><text id="name">Move</text><text id="bundleName">Move.behavior</text><angle id="direction">0</angle><index id="space">0</index><index id="moveType">0</index><real id="speed">30</real><boolean id="haltWhenBehaviorStops">true</boolean></attributes></behavior><behavior id="id393711" class="PlaySoundAction" enabled="true"><attributes><text id="name">Play Sound</text><text id="bundleName">PlaySound.behavior</text><sound id="soundName">SIN1</sound><boolean id="loop">false</boolean><boolean id="runToCompletion">true</boolean><boolean id="positional">true</boolean><boolean id="dopplerShift">false</boolean><real id="volume">0.43312311746988</real><real id="pitch">1</real></attributes></behavior><behavior enabled="true" id="id755941" class="RuleBehavior"><attributes><text id="name">Rule</text><text id="bundleName">Rule.behavior</text><boolean id="runOnce">false</boolean><boolean id="runSequentially">false</boolean><real id="compoundConditionKind">0</real></attributes><conditions><condition id="id583962" pluginPredicateTypeIndex="0" eventType="mouse position"><attributes><index id="conditionType">1</index><text id="subjectAttribute">self.attributes.color.alpha</text></attributes><predicate type="number"><attributes><text id="operator">=</text><real id="RHS">0</real></attributes></predicate></condition></conditions><behaviors><behavior id="id404761" class="DestroyAction" enabled="true"><attributes><text id="name">Destroy</text><text id="bundleName">Destroy.behavior</text></attributes></behavior></behaviors><elseBehaviors/></behavior><behavior id="id406195" class="TimerBehavior" enabled="true"><attributes><text id="name">Timer</text><text id="bundleName">Timer.behavior</text><boolean id="runOnce">false</boolean><boolean id="runSequentially">false</boolean><index id="timerType">0</index><real id="interval">0.5</real><boolean id="runToCompletion">true</boolean></attributes><behaviors><behavior id="id386881" class="ChangeAttributeAction" enabled="true"><attributes><text id="name">Change Attribute</text><text id="bundleName">ChangeAttribute.behavior</text><text id="targetAttribute">self.attributes.color.alpha</text><text id="RHS"><expression><reference keypath="self.attributes.color.alpha"/><string xml:space="preserve">-0.1</string></expression></text></attributes></behavior></behaviors></behavior></behaviors><aspects><graphics><attributes><boolean id="visible">true</boolean><enumeration id="blendingMode">0</enumeration><enumeration id="horizontalWrap">0</enumeration><enumeration id="verticalWrap">0</enumeration><enumeration id="horizontalAnchor">0</enumeration><enumeration id="verticalAnchor">0</enumeration><boolean id="flipHorizontally">true</boolean><boolean id="flipVertically">false</boolean><integer id="tileWidth">960</integer><integer id="tileHeight">540</integer></attributes></graphics><motion><attributes><point id="linearVelocity"><real id="x">0</real><real id="y">0</real></point><point id="centerOfMass"><real id="x">0</real><real id="y">0</real></point><real id="angularVelocity">0</real><real id="maxSpeed">0</real><boolean id="applyMaxSpeed">false</boolean><boolean id="pin">false</boolean></attributes></motion><physics><attributes><real id="density">1</real><real id="friction">3</real><real id="restitution">1</real><boolean id="fixedRotation">false</boolean><boolean id="movable">true</boolean><enumeration id="collisionShape">0</enumeration><real id="drag">0</real><real id="angularDrag">0</real><boolean id="canSleep">true</boolean><boolean id="betterColisions">false</boolean></attributes></physics></aspects></actor>
