<?xml version="1.0" encoding="UTF-8"?>
<actor PGFVersion="0.25" id="id946421" GSCVersion="1.25.79"><attributes><text id="name">Actor 4</text><real id="time">0</real><point id="position"><real id="x">0</real><real id="y">0</real></point><size id="size"><real id="width">100</real><real id="height">100</real></size><angle id="rotation">0</angle><color id="color"><real id="red">1</real><real id="green">1</real><real id="blue">1</real><real id="alpha">1</real></color><image id="image"></image><text id="tags"></text><boolean id="preloadArt">true</boolean></attributes><behaviors><behavior enabled="true" id="id763953" class="RuleBehavior"><attributes><text id="name">Rule</text><text id="bundleName">Rule.behavior</text><boolean id="runOnce">false</boolean><boolean id="runSequentially">false</boolean><real id="compoundConditionKind">0</real></attributes><conditions><condition id="id512099" pluginPredicateTypeIndex="0" eventType="key"><attributes><index id="conditionType">0</index></attributes><predicate type="key"><attributes><text id="mode">down</text><text id="keyString">right</text></attributes></predicate></condition></conditions><behaviors><behavior id="id960419" class="ChangeAttributeAction" enabled="true"><attributes><text id="name">Change Attribute</text><text id="bundleName">ChangeAttribute.behavior</text><text id="targetAttribute">self.aspects.motion.attributes.linearVelocity.x</text><text id="RHS">200</text></attributes></behavior></behaviors><elseBehaviors><behavior id="id343927" class="ChangeAttributeAction" enabled="true"><attributes><text id="name">Change Attribute</text><text id="bundleName">ChangeAttribute.behavior</text><text id="targetAttribute">self.aspects.motion.attributes.linearVelocity.x</text><text id="RHS">0</text></attributes></behavior></elseBehaviors></behavior><behavior enabled="true" id="id929270" class="RuleBehavior"><attributes><text id="name">Rule</text><text id="bundleName">Rule.behavior</text><boolean id="runOnce">false</boolean><boolean id="runSequentially">false</boolean><real id="compoundConditionKind">0</real></attributes><conditions><condition id="id512099" pluginPredicateTypeIndex="0" eventType="key"><attributes><index id="conditionType">0</index></attributes><predicate type="key"><attributes><text id="mode">down</text><text id="keyString">left</text></attributes></predicate></condition></conditions><behaviors><behavior id="id960419" class="ChangeAttributeAction" enabled="true"><attributes><text id="name">Change Attribute</text><text id="bundleName">ChangeAttribute.behavior</text><text id="targetAttribute">self.aspects.motion.attributes.linearVelocity.x</text><text id="RHS">-200</text></attributes></behavior></behaviors><elseBehaviors><behavior id="id343927" class="ChangeAttributeAction" enabled="true"><attributes><text id="name">Change Attribute</text><text id="bundleName">ChangeAttribute.behavior</text><text id="targetAttribute">self.aspects.motion.attributes.linearVelocity.x</text><text id="RHS">0</text></attributes></behavior></elseBehaviors></behavior><behavior enabled="true" id="id837699" class="RuleBehavior"><attributes><text id="name">Rule</text><text id="bundleName">Rule.behavior</text><boolean id="runOnce">false</boolean><boolean id="runSequentially">false</boolean><real id="compoundConditionKind">0</real></attributes><conditions><condition id="id512099" pluginPredicateTypeIndex="0" eventType="key"><attributes><index id="conditionType">0</index></attributes><predicate type="key"><attributes><text id="mode">down</text><text id="keyString">up</text></attributes></predicate></condition></conditions><behaviors><behavior id="id960419" class="ChangeAttributeAction" enabled="true"><attributes><text id="name">Change Attribute</text><text id="bundleName">ChangeAttribute.behavior</text><text id="targetAttribute">self.aspects.motion.attributes.linearVelocity.y</text><text id="RHS">200</text></attributes></behavior></behaviors><elseBehaviors><behavior id="id343927" class="ChangeAttributeAction" enabled="true"><attributes><text id="name">Change Attribute</text><text id="bundleName">ChangeAttribute.behavior</text><text id="targetAttribute">self.aspects.motion.attributes.linearVelocity.y</text><text id="RHS">0</text></attributes></behavior></elseBehaviors></behavior><behavior id="id307072" class="ControlCameraBehavior" enabled="true"><attributes><text id="name">Control Camera</text><text id="bundleName">ControlCamera.behavior</text></attributes></behavior><behavior enabled="true" id="id126532" class="RuleBehavior"><attributes><text id="name">Rule</text><text id="bundleName">Rule.behavior</text><boolean id="runOnce">false</boolean><boolean id="runSequentially">false</boolean><real id="compoundConditionKind">0</real></attributes><conditions><condition id="id512099" pluginPredicateTypeIndex="0" eventType="key"><attributes><index id="conditionType">0</index></attributes><predicate type="key"><attributes><text id="mode">down</text><text id="keyString">down</text></attributes></predicate></condition></conditions><behaviors><behavior id="id960419" class="ChangeAttributeAction" enabled="true"><attributes><text id="name">Change Attribute</text><text id="bundleName">ChangeAttribute.behavior</text><text id="targetAttribute">self.aspects.motion.attributes.linearVelocity.y</text><text id="RHS">-200</text></attributes></behavior></behaviors><elseBehaviors><behavior id="id343927" class="ChangeAttributeAction" enabled="true"><attributes><text id="name">Change Attribute</text><text id="bundleName">ChangeAttribute.behavior</text><text id="targetAttribute">self.aspects.motion.attributes.linearVelocity.y</text><text id="RHS">0</text></attributes></behavior></elseBehaviors></behavior><behavior id="id583079" class="TimerBehavior" enabled="true"><attributes><text id="name">Timer</text><text id="bundleName">Timer.behavior</text><boolean id="runOnce">false</boolean><boolean id="runSequentially">false</boolean><index id="timerType">0</index><real id="interval">5</real><boolean id="runToCompletion">false</boolean></attributes><behaviors><behavior id="id310000" class="SpawnAction" enabled="true"><attributes><text id="name">Spawn Actor</text><text id="bundleName">Spawn.behavior</text><text id="prototypeKey">id609238</text><angle id="direction">0</angle><index id="directionSpace">0</index><real id="x">-300</real><real id="y">150</real><index id="positionSpace">0</index><index id="layerOrder">0</index></attributes></behavior></behaviors></behavior></behaviors><aspects><graphics><attributes><boolean id="visible">true</boolean><enumeration id="blendingMode">0</enumeration><enumeration id="horizontalWrap">0</enumeration><enumeration id="verticalWrap">0</enumeration><enumeration id="horizontalAnchor">0</enumeration><enumeration id="verticalAnchor">0</enumeration><boolean id="flipHorizontally">false</boolean><boolean id="flipVertically">false</boolean><integer id="tileWidth">0</integer><integer id="tileHeight">0</integer></attributes></graphics><motion><attributes><point id="linearVelocity"><real id="x">0</real><real id="y">0</real></point><point id="centerOfMass"><real id="x">0</real><real id="y">0</real></point><real id="angularVelocity">0</real><real id="maxSpeed">0</real><boolean id="applyMaxSpeed">false</boolean><boolean id="pin">false</boolean></attributes></motion><physics><attributes><real id="density">1</real><real id="friction">3</real><real id="restitution">1</real><boolean id="fixedRotation">false</boolean><boolean id="movable">true</boolean><enumeration id="collisionShape">0</enumeration><real id="drag">0</real><real id="angularDrag">0</real><boolean id="canSleep">true</boolean><boolean id="betterColisions">false</boolean></attributes></physics></aspects></actor>
