<?xml version="1.0" encoding="UTF-8"?>
<actor PGFVersion="0.25" id="id893201" GSCVersion="1.25.79"><attributes><text id="name">shark1 copy</text><real id="time">0</real><point id="position"><real id="x">0</real><real id="y">0</real></point><size id="size"><real id="width">160</real><real id="height">80</real></size><angle id="rotation">0</angle><color id="color"><real id="red">1</real><real id="green">1</real><real id="blue">1</real><real id="alpha">1</real></color><image id="image">sha1</image><text id="tags"></text><boolean id="preloadArt">true</boolean><boolean name="run" id="id566040">false</boolean></attributes><behaviors><behavior id="id303649" class="AnimateBehavior" enabled="true"><attributes><text id="name">Animate</text><text id="bundleName">Animate.behavior</text><text id="images">sha1	sha2	sha3	sha4	sha3	sha2</text><index id="speed">9</index><boolean id="loop">true</boolean><boolean id="restoreActorImage">false</boolean><text id="currentFrameAttribute"></text></attributes></behavior><behavior enabled="true" id="id370280" class="RuleBehavior"><attributes><text id="name">away</text><text id="bundleName">Rule.behavior</text><boolean id="runOnce">false</boolean><boolean id="runSequentially">false</boolean><real id="compoundConditionKind">0</real></attributes><conditions><condition id="id937319" pluginPredicateTypeIndex="0" eventType="mouse position"><attributes><index id="conditionType">1</index><text id="subjectAttribute">self.attributes.id566040</text></attributes><predicate type="boolean"><attributes><index id="RHS">1</index></attributes></predicate></condition></conditions><behaviors><behavior id="id724804" class="PlaySoundAction" enabled="true"><attributes><text id="name">Play Sound</text><text id="bundleName">PlaySound.behavior</text><sound id="soundName">shark_bubl</sound><boolean id="loop">false</boolean><boolean id="runToCompletion">true</boolean><boolean id="positional">false</boolean><boolean id="dopplerShift">false</boolean><real id="volume">0.45401920180723</real><real id="pitch">1</real></attributes></behavior><behavior id="id557067" class="TimerBehavior" enabled="true"><attributes><text id="name">Timer</text><text id="bundleName">Timer.behavior</text><boolean id="runOnce">false</boolean><boolean id="runSequentially">false</boolean><index id="timerType">0</index><real id="interval">0</real><boolean id="runToCompletion">true</boolean></attributes><behaviors><behavior id="id914191" class="RotateToPositionBehavior" enabled="true"><attributes><text id="name">Rotate to Position</text><text id="bundleName">RotateToPosition.behavior</text><boolean id="runToCompletion">false</boolean><angle id="angle">0</angle><index id="space">1</index><real id="angularVelocity">150</real><boolean id="continuousMovement">true</boolean><point id="position"><real id="x"><expression><reference keypath="game.attributes.id643611"/></expression></real><real id="y"><expression><reference keypath="game.attributes.id679446"/></expression></real></point><angle id="offsetAngle">146.44555297425</angle></attributes></behavior></behaviors></behavior><behavior id="id100686" class="TimerBehavior" enabled="true"><attributes><text id="name">Timer</text><text id="bundleName">Timer.behavior</text><boolean id="runOnce">false</boolean><boolean id="runSequentially">false</boolean><index id="timerType">1</index><real id="interval">4</real><boolean id="runToCompletion">true</boolean></attributes><behaviors><behavior id="id839866" class="DestroyAction" enabled="true"><attributes><text id="name">Destroy</text><text id="bundleName">Destroy.behavior</text></attributes></behavior></behaviors></behavior><behavior id="id597094" class="TimerBehavior" enabled="true"><attributes><text id="name">Timer</text><text id="bundleName">Timer.behavior</text><boolean id="runOnce">false</boolean><boolean id="runSequentially">false</boolean><index id="timerType">1</index><real id="interval">0.1</real><boolean id="runToCompletion">true</boolean></attributes><behaviors><behavior id="id321152" class="MoveBehavior" enabled="true"><attributes><text id="name">Move</text><text id="bundleName">Move.behavior</text><angle id="direction">227.10915497821</angle><index id="space">1</index><index id="moveType">0</index><real id="speed">180</real><boolean id="haltWhenBehaviorStops">true</boolean></attributes></behavior></behaviors></behavior></behaviors><elseBehaviors/></behavior><behavior enabled="true" id="id333629" class="RuleBehavior"><attributes><text id="name">sm</text><text id="bundleName">Rule.behavior</text><boolean id="runOnce">false</boolean><boolean id="runSequentially">false</boolean><real id="compoundConditionKind">0</real></attributes><conditions><condition id="id937319" pluginPredicateTypeIndex="0" eventType="mouse position"><attributes><index id="conditionType">1</index><text id="subjectAttribute">self.attributes.id566040</text></attributes><predicate type="boolean"><attributes><index id="RHS">0</index></attributes></predicate></condition></conditions><behaviors><behavior id="id557067" class="TimerBehavior" enabled="true"><attributes><text id="name">Timer</text><text id="bundleName">Timer.behavior</text><boolean id="runOnce">false</boolean><boolean id="runSequentially">false</boolean><index id="timerType">0</index><real id="interval">0</real><boolean id="runToCompletion">true</boolean></attributes><behaviors><behavior id="id914191" class="RotateToPositionBehavior" enabled="true"><attributes><text id="name">Rotate to Position</text><text id="bundleName">RotateToPosition.behavior</text><boolean id="runToCompletion">false</boolean><angle id="angle">0</angle><index id="space">1</index><real id="angularVelocity">300</real><boolean id="continuousMovement">false</boolean><point id="position"><real id="x"><expression><reference keypath="game.attributes.id714164"/></expression></real><real id="y"><expression><reference keypath="game.attributes.id675327"/></expression></real></point><angle id="offsetAngle">180</angle></attributes></behavior></behaviors></behavior><behavior id="id172622" class="TimerBehavior" enabled="true"><attributes><text id="name">Timer</text><text id="bundleName">Timer.behavior</text><boolean id="runOnce">false</boolean><boolean id="runSequentially">false</boolean><index id="timerType">0</index><real id="interval">0</real><boolean id="runToCompletion">true</boolean></attributes><behaviors><behavior id="id357432" class="MoveToBehavior" enabled="true"><attributes><text id="name">Move To</text><text id="bundleName">MoveTo.behavior</text><boolean id="runToCompletion">true</boolean><point id="position"><real id="x"><expression><reference keypath="game.attributes.id714164"/></expression></real><real id="y"><expression><reference keypath="game.attributes.id675327"/></expression></real></point><index id="space">1</index><real id="speed">100</real></attributes></behavior></behaviors></behavior></behaviors><elseBehaviors/></behavior><behavior enabled="true" id="id751465" class="RuleBehavior"><attributes><text id="name">Rule</text><text id="bundleName">Rule.behavior</text><boolean id="runOnce">false</boolean><boolean id="runSequentially">false</boolean><real id="compoundConditionKind">0</real></attributes><conditions><condition id="id762762" pluginPredicateTypeIndex="0" eventType="overlaps or collides"><attributes><index id="conditionType">0</index></attributes><predicate type="collision"><attributes><text id="prototypeKey">id875387</text><text id="actorTag"></text><real id="mode">0</real></attributes></predicate></condition></conditions><behaviors><behavior id="id781166" class="ChangeAttributeAction" enabled="true"><attributes><text id="name">Change Attribute</text><text id="bundleName">ChangeAttribute.behavior</text><text id="targetAttribute">self.attributes.id566040</text><text id="RHS">true</text></attributes></behavior></behaviors><elseBehaviors/></behavior></behaviors><aspects><graphics><attributes><boolean id="visible">true</boolean><enumeration id="blendingMode">0</enumeration><enumeration id="horizontalWrap">0</enumeration><enumeration id="verticalWrap">0</enumeration><enumeration id="horizontalAnchor">0</enumeration><enumeration id="verticalAnchor">0</enumeration><boolean id="flipHorizontally">false</boolean><boolean id="flipVertically">false</boolean><integer id="tileWidth">160</integer><integer id="tileHeight">80</integer></attributes></graphics><motion><attributes><point id="linearVelocity"><real id="x">0</real><real id="y">0</real></point><point id="centerOfMass"><real id="x">0</real><real id="y">0</real></point><real id="angularVelocity">0</real><real id="maxSpeed">0</real><boolean id="applyMaxSpeed">false</boolean><boolean id="pin">false</boolean></attributes></motion><physics><attributes><real id="density">1</real><real id="friction">3</real><real id="restitution">1</real><boolean id="fixedRotation">false</boolean><boolean id="movable">true</boolean><enumeration id="collisionShape">0</enumeration><real id="drag">0</real><real id="angularDrag">0</real><boolean id="canSleep">true</boolean><boolean id="betterColisions">false</boolean></attributes></physics></aspects></actor>
