<?xml version="1.0" encoding="UTF-8"?>
<actor PGFVersion="0.25" id="id496930" GSCVersion="1.25.79"><attributes><text id="name">sttop</text><real id="time">0</real><point id="position"><real id="x">0</real><real id="y">0</real></point><size id="size"><real id="width">100</real><real id="height">100</real></size><angle id="rotation">0</angle><color id="color"><real id="red">1</real><real id="green">1</real><real id="blue">1</real><real id="alpha">0</real></color><image id="image"></image><text id="tags"></text><boolean id="preloadArt">true</boolean></attributes><behaviors><behavior id="id957988" class="CollideBehavior" enabled="true"><attributes><text id="name">Collide</text><text id="bundleName">Collide.behavior</text><text id="prototypeKey">id687487</text><text id="actorTag"></text><index id="mode">0</index></attributes></behavior></behaviors><aspects><graphics><attributes><boolean id="visible">true</boolean><enumeration id="blendingMode">0</enumeration><enumeration id="horizontalWrap">0</enumeration><enumeration id="verticalWrap">0</enumeration><enumeration id="horizontalAnchor">0</enumeration><enumeration id="verticalAnchor">0</enumeration><boolean id="flipHorizontally">false</boolean><boolean id="flipVertically">false</boolean><integer id="tileWidth">0</integer><integer id="tileHeight">0</integer></attributes></graphics><motion><attributes><point id="linearVelocity"><real id="x">0</real><real id="y">0</real></point><point id="centerOfMass"><real id="x">0</real><real id="y">0</real></point><real id="angularVelocity">0</real><real id="maxSpeed">0</real><boolean id="applyMaxSpeed">false</boolean><boolean id="pin">false</boolean></attributes></motion><physics><attributes><real id="density">1</real><real id="friction">3</real><real id="restitution">0</real><boolean id="fixedRotation">true</boolean><boolean id="movable">false</boolean><enumeration id="collisionShape">0</enumeration><real id="drag">0</real><real id="angularDrag">0</real><boolean id="canSleep">true</boolean><boolean id="betterColisions">false</boolean></attributes></physics></aspects></actor>
