<?xml version="1.0" encoding="UTF-8"?>
<scene id="id269551" GSCVersion="1.25.79" PGFVersion="0.25"><layers><layer id="id112326"><actors><actor id="id256183" prototype="id177239"><attributes><point id="position"><real id="x">327</real><real id="y">1001</real></point><size id="size"><real id="width">730</real><real id="height">2032</real></size></attributes><aspects/></actor><actor id="id154506" prototype="id653893"><attributes><point id="position"><real id="x">342</real><real id="y">1071</real></point></attributes><aspects><graphics><attributes><integer id="tileWidth">100</integer><integer id="tileHeight">100</integer></attributes></graphics></aspects></actor><actor id="id165094" prototype="id653893"><attributes><point id="position"><real id="x">192</real><real id="y">1651</real></point></attributes><aspects><graphics><attributes><integer id="tileWidth">100</integer><integer id="tileHeight">100</integer></attributes></graphics></aspects></actor><actor id="id716788" prototype="id139429"><attributes><point id="position"><real id="x">328.5</real><real id="y">600</real></point><size id="size"><real id="width">747</real><real id="height">384</real></size></attributes><aspects/></actor><actor id="id387565" prototype="id139429"><attributes><point id="position"><real id="x">325.5</real><real id="y">178</real></point><size id="size"><real id="width">747</real><real id="height">384</real></size></attributes><aspects/><behaviors><behavior id="id243953" class="PlaySoundAction" enabled="true"><attributes><text id="name">Play Sound</text><text id="bundleName">PlaySound.behavior</text><sound id="soundName">DENIZ1</sound><boolean id="loop">false</boolean><boolean id="runToCompletion">true</boolean><boolean id="positional">false</boolean><boolean id="dopplerShift">false</boolean><real id="volume">0.39043674698795</real><real id="pitch">1</real></attributes></behavior></behaviors></actor><actor id="id793040" prototype="id653893"><attributes><point id="position"><real id="x">445</real><real id="y">549</real></point><size id="size"><real id="width">108</real><real id="height">112</real></size></attributes><aspects><graphics><attributes><integer id="tileWidth">100</integer><integer id="tileHeight">100</integer></attributes></graphics></aspects></actor><actor id="id213927" prototype="id536130"><attributes><point id="position"><real id="x">307.5</real><real id="y">1441</real></point></attributes><aspects/><behaviors><behavior id="id996635" class="MoveBehavior" enabled="true"><attributes><text id="name">Move</text><text id="bundleName">Move.behavior</text><angle id="direction">270</angle><index id="space">0</index><index id="moveType">0</index><real id="speed">20</real><boolean id="haltWhenBehaviorStops">true</boolean></attributes></behavior></behaviors></actor><actor id="id761226" prototype="id979289"><attributes><point id="position"><real id="x">88</real><real id="y">1140.5</real></point></attributes><aspects/><behaviors><behavior id="id427839" class="MoveBehavior" enabled="true"><attributes><text id="name">Move</text><text id="bundleName">Move.behavior</text><angle id="direction">10</angle><index id="space">0</index><index id="moveType">0</index><real id="speed">20</real><boolean id="haltWhenBehaviorStops">true</boolean></attributes></behavior></behaviors></actor><actor id="id392546" prototype="id979289"><attributes><point id="position"><real id="x">567</real><real id="y">648</real></point></attributes><aspects/></actor><actor id="id539390" prototype="id874357"><attributes><point id="position"><real id="x">331</real><real id="y">841</real></point></attributes><aspects/></actor><actor id="id372101" prototype="id536130"><attributes><point id="position"><real id="x">62</real><real id="y">511</real></point></attributes><aspects/></actor><actor id="id314305" prototype="id473348"><attributes><point id="position"><real id="x">451</real><real id="y">1015</real></point></attributes><aspects/></actor><actor id="id449172" prototype="id473348"><attributes><point id="position"><real id="x">95</real><real id="y">327</real></point></attributes><aspects/></actor><actor id="id485671" prototype="id557050"><attributes><point id="position"><real id="x">101</real><real id="y">335</real></point></attributes><aspects/></actor><actor id="id270848" prototype="id911887"><attributes><point id="position"><real id="x">322</real><real id="y">43</real></point></attributes><aspects/></actor><actor id="id754381" prototype="id139429"><attributes><point id="position"><real id="x">329.5</real><real id="y">1016.5</real></point><size id="size"><real id="width">747</real><real id="height">384</real></size></attributes><aspects/></actor><actor id="id368885" prototype="id139429"><attributes><point id="position"><real id="x">329.5</real><real id="y">1429</real></point><size id="size"><real id="width">747</real><real id="height">384</real></size></attributes><aspects/></actor><actor id="id666044" prototype="id139429"><attributes><point id="position"><real id="x">330.5</real><real id="y">1844</real></point><size id="size"><real id="width">747</real><real id="height">384</real></size></attributes><aspects/></actor><actor id="id129523" prototype="id141381"><attributes><point id="position"><real id="x">331</real><real id="y">58</real></point></attributes><aspects/></actor><actor id="id990381" prototype="id964040"><attributes><point id="position"><real id="x">626</real><real id="y">302</real></point><color id="color"><real id="red">0.49698540568352</real><real id="green">0.49698540568352</real><real id="blue">0.49698540568352</real><real id="alpha">0.5</real></color></attributes><aspects><graphics><attributes><boolean id="flipHorizontally">true</boolean></attributes></graphics></aspects><behaviors><behavior id="id319836" class="AnimateBehavior" enabled="true"><attributes><text id="name">Animate</text><text id="bundleName">Animate.behavior</text><text id="images">m1	m2	m3	m2</text><index id="speed">6</index><boolean id="loop">true</boolean><boolean id="restoreActorImage">true</boolean><text id="currentFrameAttribute"></text></attributes></behavior><behavior id="id109435" class="MoveBehavior" enabled="true"><attributes><text id="name">Move</text><text id="bundleName">Move.behavior</text><angle id="direction">190</angle><index id="space">0</index><index id="moveType">0</index><real id="speed">150</real><boolean id="haltWhenBehaviorStops">true</boolean></attributes></behavior></behaviors></actor><actor id="id699273" prototype="id411583"><attributes><point id="position"><real id="x">636</real><real id="y">323</real></point></attributes><aspects><graphics><attributes><boolean id="flipHorizontally">true</boolean></attributes></graphics></aspects><behaviors><behavior id="id319836" class="AnimateBehavior" enabled="true"><attributes><text id="name">Animate</text><text id="bundleName">Animate.behavior</text><text id="images">m1	m2	m3	m2</text><index id="speed">6</index><boolean id="loop">true</boolean><boolean id="restoreActorImage">true</boolean><text id="currentFrameAttribute"></text></attributes></behavior><behavior id="id109435" class="MoveBehavior" enabled="true"><attributes><text id="name">Move</text><text id="bundleName">Move.behavior</text><angle id="direction">190</angle><index id="space">0</index><index id="moveType">0</index><real id="speed">150</real><boolean id="haltWhenBehaviorStops">true</boolean></attributes></behavior><behavior id="id573505" class="PlaySoundAction" enabled="true"><attributes><text id="name">Play Sound</text><text id="bundleName">PlaySound.behavior</text><sound id="soundName">martı6</sound><boolean id="loop">false</boolean><boolean id="runToCompletion">true</boolean><boolean id="positional">false</boolean><boolean id="dopplerShift">false</boolean><real id="volume">0.23691641566265</real><real id="pitch">0.6273531626506</real></attributes></behavior></behaviors></actor><actor id="id951196" prototype="id411583"><attributes><point id="position"><real id="x">-6</real><real id="y">896</real></point></attributes><aspects/><behaviors><behavior id="id319836" class="AnimateBehavior" enabled="true"><attributes><text id="name">Animate</text><text id="bundleName">Animate.behavior</text><text id="images">m1	m2	m3	m2</text><index id="speed">6</index><boolean id="loop">true</boolean><boolean id="restoreActorImage">true</boolean><text id="currentFrameAttribute"></text></attributes></behavior><behavior id="id925404" class="TimerBehavior" enabled="true"><attributes><text id="name">Timer</text><text id="bundleName">Timer.behavior</text><boolean id="runOnce">false</boolean><boolean id="runSequentially">false</boolean><index id="timerType">1</index><real id="interval">4</real><boolean id="runToCompletion">true</boolean></attributes><behaviors><behavior id="id691888" class="MoveBehavior" enabled="true"><attributes><text name="Name" id="name">Move</text><text name="Bundle Name" id="bundleName">Move.behavior</text><angle name="Direction" id="direction">0</angle><index name="Space" id="space">0</index><index name="Move Type" id="moveType">0</index><real name="Speed" id="speed">150</real><boolean name="Halt When Behavior Stops" id="haltWhenBehaviorStops">true</boolean></attributes></behavior></behaviors></behavior><behavior id="id463742" class="TimerBehavior" enabled="true"><attributes><text id="name">Timer</text><text id="bundleName">Timer.behavior</text><boolean id="runOnce">false</boolean><boolean id="runSequentially">false</boolean><index id="timerType">1</index><real id="interval">5</real><boolean id="runToCompletion">true</boolean></attributes><behaviors><behavior id="id329299" class="PlaySoundAction" enabled="true"><attributes><text id="name">Play Sound</text><text id="bundleName">PlaySound.behavior</text><sound id="soundName">martı6</sound><boolean id="loop">false</boolean><boolean id="runToCompletion">true</boolean><boolean id="positional">true</boolean><boolean id="dopplerShift">false</boolean><real id="volume">0.18025225903614</real><real id="pitch">1</real></attributes></behavior></behaviors></behavior></behaviors></actor><actor id="id919318" prototype="id964040"><attributes><point id="position"><real id="x">-18</real><real id="y">874</real></point></attributes><aspects/><behaviors><behavior id="id319836" class="AnimateBehavior" enabled="true"><attributes><text id="name">Animate</text><text id="bundleName">Animate.behavior</text><text id="images">m1	m2	m3	m2</text><index id="speed">6</index><boolean id="loop">true</boolean><boolean id="restoreActorImage">true</boolean><text id="currentFrameAttribute"></text></attributes></behavior><behavior id="id394734" class="TimerBehavior" enabled="true"><attributes><text id="name">Timer</text><text id="bundleName">Timer.behavior</text><boolean id="runOnce">false</boolean><boolean id="runSequentially">false</boolean><index id="timerType">1</index><real id="interval">4</real><boolean id="runToCompletion">true</boolean></attributes><behaviors><behavior id="id691888" class="MoveBehavior" enabled="true"><attributes><text name="Name" id="name">Move</text><text name="Bundle Name" id="bundleName">Move.behavior</text><angle name="Direction" id="direction">0</angle><index name="Space" id="space">0</index><index name="Move Type" id="moveType">0</index><real name="Speed" id="speed">150</real><boolean name="Halt When Behavior Stops" id="haltWhenBehaviorStops">true</boolean></attributes></behavior></behaviors></behavior></behaviors></actor><actor id="id825389" prototype="id557050"><attributes><point id="position"><real id="x">457</real><real id="y">1021</real></point></attributes><aspects/><behaviors><behavior id="id281465" class="AnimateBehavior" enabled="true"><attributes><text id="name">Animate</text><text id="bundleName">Animate.behavior</text><text id="images">d1	d2	d3	d2	d1</text><index id="speed">7</index><boolean id="loop">true</boolean><boolean id="restoreActorImage">false</boolean><text id="currentFrameAttribute"></text></attributes></behavior><behavior id="id724506" class="MoveBehavior" enabled="true"><attributes><text id="name">Move</text><text id="bundleName">Move.behavior</text><angle id="direction">270</angle><index id="space">0</index><index id="moveType">0</index><real id="speed">50</real><boolean id="haltWhenBehaviorStops">true</boolean></attributes></behavior><behavior id="id282769" class="PlaySoundAction" enabled="true"><attributes><text id="name">Play Sound</text><text id="bundleName">PlaySound.behavior</text><sound id="soundName">WHALESING</sound><boolean id="loop">false</boolean><boolean id="runToCompletion">true</boolean><boolean id="positional">false</boolean><boolean id="dopplerShift">false</boolean><real id="volume">0.36431664156627</real><real id="pitch">1</real></attributes></behavior></behaviors></actor><actor id="id617640" prototype="id366020"><attributes><point id="position"><real id="x">80</real><real id="y">542</real></point></attributes><aspects/></actor><actor id="id458907" prototype="id813261"><attributes><point id="position"><real id="x">342</real><real id="y">853.5</real></point></attributes><aspects/></actor><actor id="id327463" prototype="id786436"><attributes><point id="position"><real id="x">577</real><real id="y">664</real></point></attributes><aspects/></actor><actor id="id872406" prototype="id786436"><attributes><point id="position"><real id="x">111</real><real id="y">1158</real></point></attributes><aspects/><behaviors><behavior id="id427839" class="MoveBehavior" enabled="true"><attributes><text id="name">Move</text><text id="bundleName">Move.behavior</text><angle id="direction">10</angle><index id="space">0</index><index id="moveType">0</index><real id="speed">20</real><boolean id="haltWhenBehaviorStops">true</boolean></attributes></behavior></behaviors></actor><actor id="id593640" prototype="id366020"><attributes><point id="position"><real id="x">328</real><real id="y">1461</real></point></attributes><aspects/><behaviors><behavior id="id996635" class="MoveBehavior" enabled="true"><attributes><text id="name">Move</text><text id="bundleName">Move.behavior</text><angle id="direction">270</angle><index id="space">0</index><index id="moveType">0</index><real id="speed">20</real><boolean id="haltWhenBehaviorStops">true</boolean></attributes></behavior></behaviors></actor><actor id="id911673" prototype="id711732"><attributes><point id="position"><real id="x">333</real><real id="y">188</real></point><size id="size"><real id="width">42</real><real id="height">26</real></size></attributes><aspects><graphics><attributes><integer id="tileWidth">100</integer><integer id="tileHeight">100</integer></attributes></graphics></aspects></actor><actor id="id701007" prototype="id653893"><attributes><point id="position"><real id="x">188</real><real id="y">828.5</real></point></attributes><aspects><graphics><attributes><integer id="tileWidth">100</integer><integer id="tileHeight">100</integer></attributes></graphics></aspects></actor><actor id="id725655" prototype="id653893"><attributes><point id="position"><real id="x">523</real><real id="y">1434</real></point></attributes><aspects><graphics><attributes><integer id="tileWidth">100</integer><integer id="tileHeight">100</integer></attributes></graphics></aspects></actor><actor id="id803055" prototype="id653893"><attributes><point id="position"><real id="x">123</real><real id="y">1196.5</real></point></attributes><aspects><graphics><attributes><integer id="tileWidth">100</integer><integer id="tileHeight">100</integer></attributes></graphics></aspects></actor><actor id="id502694" prototype="id117353"><attributes><point id="position"><real id="x">333</real><real id="y">1683</real></point></attributes><aspects/></actor><actor id="id847687" prototype="id400045"><attributes><point id="position"><real id="x">333</real><real id="y">1684</real></point></attributes><aspects/></actor></actors><attributes><text id="name">Background</text><boolean id="scrollable">true</boolean></attributes></layer><layer id="id841216"><actors/><attributes><text id="name">Layer 1</text><boolean id="scrollable">false</boolean></attributes></layer></layers><attributes><text id="name">giris</text><real id="time">0</real><size id="size"><real id="width">700</real><real id="height">1850</real></size><boolean id="wrapX">false</boolean><boolean id="wrapY">false</boolean><point id="gravity"><real id="x">0</real><real id="y">0</real></point><color id="color"><real id="red">0.60534650087357</real><real id="green">0.83202236890793</real><real id="blue">1</real><real id="alpha">1</real></color><rect id="camera"><point id="origin"><real id="x">0</real><real id="y">0</real></point><size id="size"><real id="width">667</real><real id="height">375</real></size><size id="trackingArea"><real id="width">5</real><real id="height">5</real></size><real id="rotation">0</real></rect><attributes id="autorotate"><boolean id="landscapeLeft">true</boolean><boolean id="portrait">false</boolean><boolean id="landscapeRight">false</boolean><boolean id="portraitUpsideDown">false</boolean></attributes></attributes></scene>
