<?xml version="1.0" encoding="UTF-8"?>
<scene id="id172838" GSCVersion="1.25.79" PGFVersion="0.25"><layers><layer id="id372622"><actors><actor id="id706133" prototype="id284874"><attributes><point id="position"><real id="x">105</real><real id="y">9576</real></point></attributes><aspects/></actor><actor id="id784286" prototype="id544415"><attributes><point id="position"><real id="x">104.5</real><real id="y">10813.5</real></point><size id="size"><real id="width">573</real><real id="height">1573</real></size><angle id="rotation">0</angle></attributes><aspects/></actor><actor id="id974872" prototype="id846180"><attributes><point id="position"><real id="x">104</real><real id="y">12476</real></point></attributes><aspects/></actor><actor id="id100105" prototype="id293878"><attributes><point id="position"><real id="x">104</real><real id="y">14164.5</real></point></attributes><aspects/></actor><actor id="id455061" prototype="id115222"><attributes><point id="position"><real id="x">443</real><real id="y">14682.5</real></point></attributes><aspects/></actor><actor id="id980571" prototype="id607000"><attributes><point id="position"><real id="x">104</real><real id="y">14917</real></point></attributes><aspects/></actor><actor id="id460277" prototype="id115222"><attributes><point id="position"><real id="x">391</real><real id="y">14658</real></point></attributes><aspects/></actor><actor id="id122351" prototype="id115222"><attributes><point id="position"><real id="x">429</real><real id="y">14658.5</real></point></attributes><aspects/></actor><actor id="id614983" prototype="id115222"><attributes><point id="position"><real id="x">436</real><real id="y">14634.5</real></point></attributes><aspects/></actor><actor id="id152981" prototype="id115222"><attributes><point id="position"><real id="x">465</real><real id="y">14661.5</real></point></attributes><aspects/></actor><actor id="id726527" prototype="id115222"><attributes><point id="position"><real id="x">474</real><real id="y">14686</real></point></attributes><aspects/></actor><actor id="id174845" prototype="id115222"><attributes><point id="position"><real id="x">447</real><real id="y">14653</real></point></attributes><aspects/></actor><actor id="id823934" prototype="id115222"><attributes><point id="position"><real id="x">414</real><real id="y">14672</real></point></attributes><aspects/></actor><actor id="id628452" prototype="id640499"><attributes><point id="position"><real id="x">318</real><real id="y">14776.5</real></point></attributes><aspects/></actor><actor id="id599174" prototype="id640499"><attributes><point id="position"><real id="x">30</real><real id="y">14415.5</real></point></attributes><aspects/></actor><actor id="id990005" prototype="id274783"><attributes><point id="position"><real id="x">55</real><real id="y">12692.5</real></point></attributes><aspects/></actor><actor id="id451913" prototype="id111548"><attributes><point id="position"><real id="x">465</real><real id="y">14385</real></point></attributes><aspects/><behaviors><behavior id="id444232" class="AnimateBehavior" enabled="true"><attributes><text id="name">Animate</text><text id="bundleName">Animate.behavior</text><text id="images">f1	f2</text><index id="speed">9</index><boolean id="loop">true</boolean><boolean id="restoreActorImage">false</boolean><text id="currentFrameAttribute"></text></attributes></behavior><behavior id="id603244" class="TimerBehavior" enabled="true"><attributes><text id="name">Timer</text><text id="bundleName">Timer.behavior</text><boolean id="runOnce">false</boolean><boolean id="runSequentially">false</boolean><index id="timerType">1</index><real id="interval">3</real><boolean id="runToCompletion">true</boolean></attributes><behaviors><behavior id="id446813" class="MoveBehavior" enabled="true"><attributes><text id="name">Move</text><text id="bundleName">Move.behavior</text><angle id="direction">180</angle><index id="space">0</index><index id="moveType">0</index><real id="speed">120</real><boolean id="haltWhenBehaviorStops">true</boolean></attributes></behavior></behaviors></behavior></behaviors></actor><actor id="id806847" prototype="id111548"><attributes><point id="position"><real id="x">452</real><real id="y">14409</real></point></attributes><aspects/></actor><actor id="id979126" prototype="id111548"><attributes><point id="position"><real id="x">429</real><real id="y">14399</real></point></attributes><aspects/></actor><actor id="id285840" prototype="id285906"><attributes><point id="position"><real id="x">-55</real><real id="y">14120.5</real></point></attributes><aspects/></actor><actor id="id521007" prototype="id285906"><attributes><point id="position"><real id="x">-99</real><real id="y">14088.5</real></point></attributes><aspects/></actor><actor id="id168460" prototype="id285906"><attributes><point id="position"><real id="x">-37</real><real id="y">14119</real></point></attributes><aspects/></actor><actor id="id518259" prototype="id285906"><attributes><point id="position"><real id="x">-31</real><real id="y">14162</real></point></attributes><aspects/></actor><actor id="id498819" prototype="id285906"><attributes><point id="position"><real id="x">-23</real><real id="y">14141</real></point></attributes><aspects/></actor><actor id="id764790" prototype="id285906"><attributes><point id="position"><real id="x">-50</real><real id="y">14140</real></point></attributes><aspects/></actor><actor id="id630042" prototype="id640499"><attributes><point id="position"><real id="x">32</real><real id="y">14071</real></point></attributes><aspects/></actor><actor id="id328828" prototype="id640499"><attributes><point id="position"><real id="x">191</real><real id="y">13699.5</real></point></attributes><aspects/></actor><actor id="id319912" prototype="id640499"><attributes><point id="position"><real id="x">255</real><real id="y">13233.5</real></point></attributes><aspects/></actor><actor id="id206172" prototype="id622190"><attributes><point id="position"><real id="x">446</real><real id="y">13794</real></point></attributes><aspects/></actor><actor id="id734918" prototype="id622190"><attributes><point id="position"><real id="x">415</real><real id="y">13777</real></point></attributes><aspects/><behaviors><behavior id="id444232" class="AnimateBehavior" enabled="true"><attributes><text id="name">Animate</text><text id="bundleName">Animate.behavior</text><text id="images">f1	f2</text><index id="speed">9</index><boolean id="loop">true</boolean><boolean id="restoreActorImage">false</boolean><text id="currentFrameAttribute"></text></attributes></behavior><behavior id="id603244" class="TimerBehavior" enabled="true"><attributes><text id="name">Timer</text><text id="bundleName">Timer.behavior</text><boolean id="runOnce">false</boolean><boolean id="runSequentially">false</boolean><index id="timerType">1</index><real id="interval">3</real><boolean id="runToCompletion">true</boolean></attributes><behaviors><behavior id="id446813" class="MoveBehavior" enabled="true"><attributes><text id="name">Move</text><text id="bundleName">Move.behavior</text><angle id="direction">180</angle><index id="space">0</index><index id="moveType">0</index><real id="speed">100</real><boolean id="haltWhenBehaviorStops">true</boolean></attributes></behavior></behaviors></behavior></behaviors></actor><actor id="id782378" prototype="id622190"><attributes><point id="position"><real id="x">483</real><real id="y">13804</real></point></attributes><aspects/><behaviors><behavior id="id444232" class="AnimateBehavior" enabled="true"><attributes><text id="name">Animate</text><text id="bundleName">Animate.behavior</text><text id="images">f1	f2</text><index id="speed">9</index><boolean id="loop">true</boolean><boolean id="restoreActorImage">false</boolean><text id="currentFrameAttribute"></text></attributes></behavior><behavior id="id603244" class="TimerBehavior" enabled="true"><attributes><text id="name">Timer</text><text id="bundleName">Timer.behavior</text><boolean id="runOnce">false</boolean><boolean id="runSequentially">false</boolean><index id="timerType">1</index><real id="interval">13</real><boolean id="runToCompletion">true</boolean></attributes><behaviors><behavior id="id446813" class="MoveBehavior" enabled="true"><attributes><text id="name">Move</text><text id="bundleName">Move.behavior</text><angle id="direction">180</angle><index id="space">0</index><index id="moveType">0</index><real id="speed">100</real><boolean id="haltWhenBehaviorStops">true</boolean></attributes></behavior></behaviors></behavior></behaviors></actor><actor id="id138323" prototype="id622190"><attributes><point id="position"><real id="x">433</real><real id="y">13827</real></point></attributes><aspects/></actor><actor id="id698529" prototype="id622190"><attributes><point id="position"><real id="x">391</real><real id="y">13802</real></point></attributes><aspects/><behaviors><behavior id="id444232" class="AnimateBehavior" enabled="true"><attributes><text id="name">Animate</text><text id="bundleName">Animate.behavior</text><text id="images">f1	f2</text><index id="speed">9</index><boolean id="loop">true</boolean><boolean id="restoreActorImage">false</boolean><text id="currentFrameAttribute"></text></attributes></behavior><behavior id="id603244" class="TimerBehavior" enabled="true"><attributes><text id="name">Timer</text><text id="bundleName">Timer.behavior</text><boolean id="runOnce">false</boolean><boolean id="runSequentially">false</boolean><index id="timerType">1</index><real id="interval">13</real><boolean id="runToCompletion">true</boolean></attributes><behaviors><behavior id="id446813" class="MoveBehavior" enabled="true"><attributes><text id="name">Move</text><text id="bundleName">Move.behavior</text><angle id="direction">180</angle><index id="space">0</index><index id="moveType">0</index><real id="speed">80</real><boolean id="haltWhenBehaviorStops">true</boolean></attributes></behavior></behaviors></behavior></behaviors></actor><actor id="id767734" prototype="id663347"><attributes><point id="position"><real id="x">299</real><real id="y">14114</real></point></attributes><aspects/></actor><actor id="id437544" prototype="id663347"><attributes><point id="position"><real id="x">69</real><real id="y">13807</real></point></attributes><aspects/></actor><actor id="id933363" prototype="id663347"><attributes><point id="position"><real id="x">141</real><real id="y">13343</real></point></attributes><aspects/></actor><actor id="id466966" prototype="id663347"><attributes><point id="position"><real id="x">71</real><real id="y">12903</real></point></attributes><aspects/></actor><actor id="id601284" prototype="id663347"><attributes><point id="position"><real id="x">188</real><real id="y">12383.5</real></point></attributes><aspects/></actor><actor id="id952366" prototype="id182143"><attributes><point id="position"><real id="x">187.5</real><real id="y">14668</real></point><size id="size"><real id="width">43</real><real id="height">52</real></size></attributes><aspects><graphics><attributes><integer id="tileWidth">100</integer><integer id="tileHeight">100</integer></attributes></graphics></aspects></actor><actor id="id531993" prototype="id459650"><attributes><point id="position"><real id="x">550</real><real id="y">10907.5</real></point></attributes><aspects><graphics><attributes><integer id="tileWidth">100</integer><integer id="tileHeight">100</integer></attributes></graphics></aspects></actor><actor id="id312352" prototype="id776388"><attributes><point id="position"><real id="x">49.5</real><real id="y">414.5</real></point><size id="size"><real id="width">39</real><real id="height">37</real></size></attributes><aspects><graphics><attributes><integer id="tileWidth">100</integer><integer id="tileHeight">100</integer></attributes></graphics></aspects><behaviors><behavior enabled="true" id="id505902" class="RuleBehavior"><attributes><text id="name">Rule</text><text id="bundleName">Rule.behavior</text><boolean id="runOnce">false</boolean><boolean id="runSequentially">false</boolean><real id="compoundConditionKind">0</real></attributes><conditions><condition id="id731528" pluginPredicateTypeIndex="0" eventType="touch"><attributes><index id="conditionType">0</index></attributes><predicate type="touch" conditionType="pressed"><attributes/></predicate></condition></conditions><behaviors><behavior id="id103838" class="ChangeSceneAction" enabled="true"><attributes><text id="name">Change Scene</text><text id="bundleName">ChangeScene.behavior</text><text id="sceneKey">next</text><index id="enableAdvertisement">0</index><index id="index">1</index></attributes></behavior></behaviors><elseBehaviors/></behavior></behaviors></actor><actor id="id356619" prototype="id797782"><attributes><point id="position"><real id="x">150.5</real><real id="y">10416.5</real></point><size id="size"><real id="width">503</real><real id="height">884</real></size></attributes><aspects><graphics><attributes><integer id="tileWidth">100</integer><integer id="tileHeight">100</integer></attributes></graphics></aspects></actor><actor id="id968081" prototype="id640499"><attributes><point id="position"><real id="x">293</real><real id="y">11309.5</real></point><color id="color"><real id="red">0.84072065353394</real><real id="green">0.84072065353394</real><real id="blue">0.84072065353394</real><real id="alpha">0.68000000715256</real></color></attributes><aspects/></actor><actor id="id728187" prototype="id251473"><attributes><point id="position"><real id="x">409</real><real id="y">12852</real></point></attributes><aspects/></actor><actor id="id143710" prototype="id251473"><attributes><point id="position"><real id="x">531</real><real id="y">12850</real></point></attributes><aspects/></actor><actor id="id334368" prototype="id251473"><attributes><point id="position"><real id="x">452</real><real id="y">12857</real></point></attributes><aspects/><behaviors><behavior id="id444232" class="AnimateBehavior" enabled="true"><attributes><text id="name">Animate</text><text id="bundleName">Animate.behavior</text><text id="images">f1	f2</text><index id="speed">9</index><boolean id="loop">true</boolean><boolean id="restoreActorImage">false</boolean><text id="currentFrameAttribute"></text></attributes></behavior><behavior id="id603244" class="TimerBehavior" enabled="true"><attributes><text id="name">Timer</text><text id="bundleName">Timer.behavior</text><boolean id="runOnce">false</boolean><boolean id="runSequentially">false</boolean><index id="timerType">1</index><real id="interval">19</real><boolean id="runToCompletion">true</boolean></attributes><behaviors><behavior id="id446813" class="MoveBehavior" enabled="true"><attributes><text id="name">Move</text><text id="bundleName">Move.behavior</text><angle id="direction">180</angle><index id="space">0</index><index id="moveType">0</index><real id="speed">80</real><boolean id="haltWhenBehaviorStops">true</boolean></attributes></behavior></behaviors></behavior></behaviors></actor><actor id="id727699" prototype="id251473"><attributes><point id="position"><real id="x">432</real><real id="y">12824</real></point></attributes><aspects/></actor><actor id="id943305" prototype="id251473"><attributes><point id="position"><real id="x">475</real><real id="y">12830</real></point></attributes><aspects/></actor></actors><attributes><text id="name">Background</text><boolean id="scrollable">true</boolean></attributes></layer><layer id="id208658"><actors><actor id="id414010" prototype="id240476"><attributes><point id="position"><real id="x">53</real><real id="y">33</real></point></attributes><aspects><graphics><attributes><integer id="tileWidth">100</integer><integer id="tileHeight">100</integer></attributes></graphics></aspects></actor><actor id="id713911" prototype="id443327"><attributes><point id="position"><real id="x">130</real><real id="y">33</real></point></attributes><aspects><graphics><attributes><integer id="tileWidth">100</integer><integer id="tileHeight">100</integer></attributes></graphics></aspects></actor><actor id="id896065" prototype="id938247"><attributes><point id="position"><real id="x">320</real><real id="y">33</real></point></attributes><aspects/></actor><actor id="id894075" prototype="id971320"><attributes><point id="position"><real id="x">320</real><real id="y">113</real></point></attributes><aspects/></actor><actor id="id856313" prototype="id227941"><attributes><point id="position"><real id="x">341.5</real><real id="y">583.5</real></point><size id="size"><real id="width">59</real><real id="height">55</real></size><color id="color"><real id="red">1</real><real id="green">1</real><real id="blue">1</real><real id="alpha">0</real></color></attributes><aspects><graphics><attributes><integer id="tileWidth">100</integer><integer id="tileHeight">100</integer></attributes></graphics></aspects><behaviors><behavior id="id755960" class="DisplayTextBehavior" enabled="true"><attributes><text id="name">Display Text</text><text id="bundleName">DisplayText.behavior</text><text id="text"><expression><reference keypath="game.attributes.id480632"/></expression></text><text id="font">Cambay</text><real id="size">30</real><index id="alignment">1</index><boolean id="wrap">false</boolean><color id="color"><real id="red">0</real><real id="green">0</real><real id="blue">0</real><real id="alpha">1</real></color><real id="offsetx">0</real><real id="offsety">0</real><index id="space">0</index><index id="directionSpace">0</index><angle id="direction">0</angle></attributes></behavior><behavior enabled="true" id="id473049" class="RuleBehavior"><attributes><text id="name">Rule</text><text id="bundleName">Rule.behavior</text><boolean id="runOnce">false</boolean><boolean id="runSequentially">false</boolean><real id="compoundConditionKind">0</real></attributes><conditions><condition id="id514291" pluginPredicateTypeIndex="0" eventType="mouse position"><attributes><index id="conditionType">1</index><text id="subjectAttribute">game.attributes.id480632</text></attributes><predicate type="number"><attributes><text id="operator">&lt;</text><real id="RHS">5</real></attributes></predicate></condition></conditions><behaviors><behavior id="id900446" class="TimerBehavior" enabled="true"><attributes><text id="name">Timer</text><text id="bundleName">Timer.behavior</text><boolean id="runOnce">false</boolean><boolean id="runSequentially">false</boolean><index id="timerType">0</index><real id="interval">3</real><boolean id="runToCompletion">true</boolean></attributes><behaviors><behavior id="id910429" class="ChangeAttributeAction" enabled="true"><attributes><text id="name">Change Attribute</text><text id="bundleName">ChangeAttribute.behavior</text><text id="targetAttribute">game.attributes.id480632</text><text id="RHS"><expression><reference keypath="game.attributes.id480632"/><string xml:space="preserve">+1</string></expression></text></attributes></behavior></behaviors></behavior></behaviors><elseBehaviors/></behavior></behaviors></actor><actor id="id348137" prototype="id795144"><attributes><point id="position"><real id="x">203</real><real id="y">-43</real></point><size id="size"><real id="width">520</real><real id="height">100</real></size></attributes><aspects><graphics><attributes><integer id="tileWidth">100</integer><integer id="tileHeight">100</integer></attributes></graphics></aspects></actor></actors><attributes><text id="name">Layer 1</text><boolean id="scrollable">false</boolean></attributes></layer></layers><attributes><text id="name">Scene 1</text><real id="time">0</real><size id="size"><real id="width">667</real><real id="height">15000</real></size><boolean id="wrapX">false</boolean><boolean id="wrapY">false</boolean><point id="gravity"><real id="x">0</real><real id="y">0</real></point><color id="color"><real id="red">0.79657781124115</real><real id="green">0.79657781124115</real><real id="blue">0.79657781124115</real><real id="alpha">1</real></color><rect id="camera"><point id="origin"><real id="x">0</real><real id="y">14333</real></point><size id="size"><real id="width">375</real><real id="height">667</real></size><size id="trackingArea"><real id="width">375</real><real id="height">5</real></size><real id="rotation">0</real></rect><attributes id="autorotate"><boolean id="landscapeLeft">false</boolean><boolean id="portrait">true</boolean><boolean id="landscapeRight">false</boolean><boolean id="portraitUpsideDown">false</boolean></attributes></attributes></scene>
