<?xml version="1.0" encoding="UTF-8"?>
<scene id="id902717" GSCVersion="1.25.79" PGFVersion="0.25"><layers><layer id="id901356"><actors><actor id="id694969" prototype="id922469"><attributes><point id="position"><real id="x">250</real><real id="y">402</real></point></attributes><aspects/></actor><actor id="id668429" prototype="id852735"><attributes><point id="position"><real id="x">750</real><real id="y">402</real></point></attributes><aspects/></actor><actor id="id984948" prototype="id281576"><attributes><point id="position"><real id="x">1250</real><real id="y">402</real></point></attributes><aspects/></actor><actor id="id689518" prototype="id437161"><attributes><point id="position"><real id="x">248.5</real><real id="y">400</real></point></attributes><aspects/></actor><actor id="id715042" prototype="id935654"><attributes><point id="position"><real id="x">748</real><real id="y">400</real></point></attributes><aspects/></actor><actor id="id295188" prototype="id544668"><attributes><point id="position"><real id="x">1247</real><real id="y">400</real></point><size id="size"><real id="width">500</real><real id="height">800</real></size><angle id="rotation">0</angle></attributes><aspects/></actor><actor id="id641192" prototype="id139698"><attributes><point id="position"><real id="x">573</real><real id="y">300.5</real></point></attributes><aspects/></actor><actor id="id350137" prototype="id274783"><attributes><point id="position"><real id="x">671</real><real id="y">306</real></point><color id="color"><real id="red">1</real><real id="green">1</real><real id="blue">1</real><real id="alpha">0.73000001907349</real></color></attributes><aspects/></actor><actor id="id930995" prototype="id274783"><attributes><point id="position"><real id="x">530</real><real id="y">305</real></point><size id="size"><real id="width">37</real><real id="height">30</real></size><angle id="rotation">0</angle><color id="color"><real id="red">1</real><real id="green">1</real><real id="blue">1</real><real id="alpha">0.68999999761581</real></color></attributes><aspects><graphics><attributes><boolean id="flipHorizontally">true</boolean></attributes></graphics></aspects></actor><actor id="id189598" prototype="id687487"><attributes><point id="position"><real id="x">333</real><real id="y">188</real></point></attributes><aspects/></actor><actor id="id559047" prototype="id496930"><attributes><point id="position"><real id="x">572.5</real><real id="y">621.5</real></point><size id="size"><real id="width">1154</real><real id="height">41</real></size></attributes><aspects><graphics><attributes><integer id="tileWidth">100</integer><integer id="tileHeight">100</integer></attributes></graphics></aspects></actor><actor id="id508920" prototype="id496930"><attributes><point id="position"><real id="x">576</real><real id="y">-22.5</real></point><size id="size"><real id="width">1154</real><real id="height">41</real></size></attributes><aspects><graphics><attributes><integer id="tileWidth">100</integer><integer id="tileHeight">100</integer></attributes></graphics></aspects></actor><actor id="id432453" prototype="id496930"><attributes><point id="position"><real id="x">1199</real><real id="y">305</real></point><size id="size"><real id="width">100</real><real id="height">652</real></size></attributes><aspects><graphics><attributes><integer id="tileWidth">100</integer><integer id="tileHeight">100</integer></attributes></graphics></aspects></actor><actor id="id448534" prototype="id496930"><attributes><point id="position"><real id="x">-49</real><real id="y">289</real></point><size id="size"><real id="width">100</real><real id="height">652</real></size></attributes><aspects><graphics><attributes><integer id="tileWidth">100</integer><integer id="tileHeight">100</integer></attributes></graphics></aspects></actor><actor id="id715269" prototype="id228980"><attributes><point id="position"><real id="x">356</real><real id="y">401</real></point></attributes><aspects><graphics><attributes><integer id="tileWidth">100</integer><integer id="tileHeight">100</integer></attributes></graphics></aspects></actor></actors><attributes><text id="name">Background</text><boolean id="scrollable">true</boolean></attributes></layer><layer id="id683667"><actors><actor id="id694088" prototype="id443327"><attributes><point id="position"><real id="x">133.5</real><real id="y">84</real></point><size id="size"><real id="width">41</real><real id="height">38</real></size></attributes><aspects/></actor><actor id="id351996" prototype="id158579"><attributes><point id="position"><real id="x">84</real><real id="y">33.5</real></point><size id="size"><real id="width">38</real><real id="height">33</real></size><image id="image">down</image></attributes><aspects/></actor><actor id="id907162" prototype="id499700"><attributes><point id="position"><real id="x">82</real><real id="y">139.5</real></point><size id="size"><real id="width">34</real><real id="height">36</real></size><image id="image">down</image></attributes><aspects><graphics><attributes><boolean id="flipVertically">true</boolean></attributes></graphics></aspects><behaviors><behavior enabled="true" id="id994202" class="RuleBehavior"><attributes><text id="name">Rule</text><text id="bundleName">Rule.behavior</text><boolean id="runOnce">false</boolean><boolean id="runSequentially">false</boolean><real id="compoundConditionKind">0</real></attributes><conditions><condition id="id649681" pluginPredicateTypeIndex="0" eventType="touch"><attributes><index id="conditionType">0</index></attributes><predicate type="touch" conditionType="pressed"><attributes/></predicate></condition></conditions><behaviors><behavior id="id757168" class="ChangeAttributeAction" enabled="true"><attributes><text id="name">Change Attribute</text><text id="bundleName">ChangeAttribute.behavior</text><text id="targetAttribute">game.attributes.id434120</text><text id="RHS">true</text></attributes></behavior></behaviors><elseBehaviors><behavior id="id948045" class="ChangeAttributeAction" enabled="true"><attributes><text id="name">Change Attribute</text><text id="bundleName">ChangeAttribute.behavior</text><text id="targetAttribute">game.attributes.id434120</text><text id="RHS">false</text></attributes></behavior></elseBehaviors></behavior></behaviors></actor><actor id="id388487" prototype="id240476"><attributes><point id="position"><real id="x">34</real><real id="y">84.5</real></point><size id="size"><real id="width">34</real><real id="height">35</real></size><color id="color"><real id="red">0.8510577082634</real><real id="green">1</real><real id="blue">0.84082669019699</real><real id="alpha">1</real></color></attributes><aspects/></actor><actor id="id738207" prototype="id938247"><attributes><point id="position"><real id="x">616</real><real id="y">94</real></point></attributes><aspects/></actor><actor id="id417409" prototype="id971320"><attributes><point id="position"><real id="x">619</real><real id="y">34</real></point></attributes><aspects/><behaviors><behavior enabled="true" id="id708821" class="RuleBehavior"><attributes><text id="name">Rule</text><text id="bundleName">Rule.behavior</text><boolean id="runOnce">false</boolean><boolean id="runSequentially">false</boolean><real id="compoundConditionKind">0</real></attributes><conditions><condition id="id585759" pluginPredicateTypeIndex="0" eventType="touch"><attributes><index id="conditionType">0</index><text id="subjectAttribute">game.attributes.id412066</text></attributes><predicate type="touch" conditionType="pressed"><attributes/></predicate></condition></conditions><behaviors><behavior id="id495097" class="ChangeAttributeAction" enabled="true"><attributes><text id="name">Change Attribute</text><text id="bundleName">ChangeAttribute.behavior</text><text id="targetAttribute">game.attributes.id929813</text><text id="RHS">true</text></attributes></behavior></behaviors><elseBehaviors><behavior id="id424189" class="ChangeAttributeAction" enabled="true"><attributes><text id="name">Change Attribute</text><text id="bundleName">ChangeAttribute.behavior</text><text id="targetAttribute">game.attributes.id929813</text><text id="RHS">false</text></attributes></behavior></elseBehaviors></behavior></behaviors></actor><actor id="id371447" prototype="id227941"><attributes><point id="position"><real id="x">627</real><real id="y">336</real></point><color id="color"><real id="red">1</real><real id="green">1</real><real id="blue">1</real><real id="alpha">0</real></color></attributes><aspects><graphics><attributes><integer id="tileWidth">100</integer><integer id="tileHeight">100</integer></attributes></graphics></aspects><behaviors><behavior id="id218149" class="DisplayTextBehavior" enabled="true"><attributes><text id="name">Display Text</text><text id="bundleName">DisplayText.behavior</text><text id="text"><expression><reference keypath="game.attributes.id504924"/></expression></text><text id="font">Cambay</text><real id="size">30</real><index id="alignment">1</index><boolean id="wrap">false</boolean><color id="color"><real id="red">1</real><real id="green">1</real><real id="blue">1</real><real id="alpha">1</real></color><real id="offsetx">0</real><real id="offsety">0</real><index id="space">0</index><index id="directionSpace">0</index><angle id="direction">0</angle></attributes></behavior><behavior enabled="true" id="id900837" class="RuleBehavior"><attributes><text id="name">Rule</text><text id="bundleName">Rule.behavior</text><boolean id="runOnce">false</boolean><boolean id="runSequentially">false</boolean><real id="compoundConditionKind">0</real></attributes><conditions><condition id="id433230" pluginPredicateTypeIndex="0" eventType="mouse position"><attributes><index id="conditionType">1</index><text id="subjectAttribute">game.attributes.id504924</text></attributes><predicate type="number"><attributes><text id="operator">=</text><real id="RHS">0</real></attributes></predicate></condition></conditions><behaviors><behavior id="id282323" class="ChangeSceneAction" enabled="true"><attributes><text id="name">Change Scene</text><text id="bundleName">ChangeScene.behavior</text><text id="sceneKey">id269551</text><index id="enableAdvertisement">0</index><index id="index">1</index></attributes></behavior></behaviors><elseBehaviors/></behavior><behavior id="id467111" class="TimerBehavior" enabled="true"><attributes><text id="name">Timer</text><text id="bundleName">Timer.behavior</text><boolean id="runOnce">false</boolean><boolean id="runSequentially">false</boolean><index id="timerType">0</index><real id="interval">1</real><boolean id="runToCompletion">true</boolean></attributes><behaviors><behavior id="id635318" class="ChangeAttributeAction" enabled="true"><attributes><text id="name">Change Attribute</text><text id="bundleName">ChangeAttribute.behavior</text><text id="targetAttribute">game.attributes.id504924</text><text id="RHS"><expression><reference keypath="game.attributes.id504924"/><string xml:space="preserve">-1</string></expression></text></attributes></behavior></behaviors></behavior><behavior id="id854317" class="TimerBehavior" enabled="true"><attributes><text id="name">Timer</text><text id="bundleName">Timer.behavior</text><boolean id="runOnce">false</boolean><boolean id="runSequentially">false</boolean><index id="timerType">0</index><real id="interval">3</real><boolean id="runToCompletion">true</boolean></attributes><behaviors><behavior id="id514728" class="ChangeAttributeAction" enabled="true"><attributes><text id="name">Change Attribute</text><text id="bundleName">ChangeAttribute.behavior</text><text id="targetAttribute">game.attributes.id480632</text><text id="RHS"><expression><reference keypath="game.attributes.id480632"/><string xml:space="preserve">+1</string></expression></text></attributes></behavior></behaviors></behavior></behaviors></actor><actor id="id350190" prototype="id227941"><attributes><point id="position"><real id="x">33</real><real id="y">334</real></point><color id="color"><real id="red">1</real><real id="green">1</real><real id="blue">1</real><real id="alpha">0</real></color></attributes><aspects><graphics><attributes><integer id="tileWidth">100</integer><integer id="tileHeight">100</integer></attributes></graphics></aspects><behaviors><behavior id="id218149" class="DisplayTextBehavior" enabled="true"><attributes><text id="name">Display Text</text><text id="bundleName">DisplayText.behavior</text><text id="text"><expression><reference keypath="game.attributes.id974882"/></expression></text><text id="font">Cambay</text><real id="size">30</real><index id="alignment">1</index><boolean id="wrap">false</boolean><color id="color"><real id="red">1</real><real id="green">1</real><real id="blue">1</real><real id="alpha">1</real></color><real id="offsetx">0</real><real id="offsety">0</real><index id="space">0</index><index id="directionSpace">0</index><angle id="direction">0</angle></attributes></behavior><behavior enabled="true" id="id900837" class="RuleBehavior"><attributes><text id="name">Rule</text><text id="bundleName">Rule.behavior</text><boolean id="runOnce">false</boolean><boolean id="runSequentially">false</boolean><real id="compoundConditionKind">0</real></attributes><conditions><condition id="id433230" pluginPredicateTypeIndex="0" eventType="mouse position"><attributes><index id="conditionType">1</index><text id="subjectAttribute">game.attributes.id974882</text></attributes><predicate type="number"><attributes><text id="operator">&gt;</text><real id="RHS">100</real></attributes></predicate></condition></conditions><behaviors><behavior id="id282323" class="ChangeSceneAction" enabled="true"><attributes><text id="name">Change Scene</text><text id="bundleName">ChangeScene.behavior</text><text id="sceneKey">id269551</text><index id="enableAdvertisement">0</index><index id="index">1</index></attributes></behavior></behaviors><elseBehaviors/></behavior></behaviors></actor></actors><attributes><text id="name">Layer 1</text><boolean id="scrollable">false</boolean></attributes></layer></layers><attributes><text id="name">Scene 2</text><real id="time">0</real><size id="size"><real id="width">1100</real><real id="height">570</real></size><boolean id="wrapX">false</boolean><boolean id="wrapY">false</boolean><point id="gravity"><real id="x">0</real><real id="y">0</real></point><color id="color"><real id="red">1</real><real id="green">1</real><real id="blue">1</real><real id="alpha">1</real></color><rect id="camera"><point id="origin"><real id="x">0</real><real id="y">0</real></point><size id="size"><real id="width">667</real><real id="height">375</real></size><size id="trackingArea"><real id="width">5</real><real id="height">5</real></size><real id="rotation">0</real></rect><attributes id="autorotate"><boolean id="landscapeLeft">true</boolean><boolean id="portrait">false</boolean><boolean id="landscapeRight">false</boolean><boolean id="portraitUpsideDown">false</boolean></attributes></attributes></scene>
