<?xml version="1.0" encoding="UTF-8"?>
<assets PGFVersion="0.25" GSCVersion="1.25.79"><sounds><sound name="martı6"><file premulAlpha="0" name="martı6.ogg" size="39350"/></sound><sound name="ROCKCRASH"><file premulAlpha="0" name="ROCKCRASH.ogg" size="53139"/></sound><sound name="SAW1"><file premulAlpha="0" name="SAW1.ogg" size="21559"/></sound><sound name="SIN1"><file premulAlpha="0" name="SIN1.ogg" size="16643"/></sound><sound name="BUBBLE"><file premulAlpha="0" name="BUBBLE.ogg" size="8301"/></sound><sound name="BUBBLE1"><file premulAlpha="0" name="BUBBLE1.ogg" size="9071"/></sound><sound name="INTRO"><file premulAlpha="0" name="INTRO.ogg" size="161862"/></sound><sound name="martı3"><file premulAlpha="0" name="martı3.ogg" size="34365"/></sound><sound name="martı4"><file premulAlpha="0" name="martı4.ogg" size="41751"/></sound><sound name="STONE_CAPT"><file premulAlpha="0" name="STONE_CAPT.ogg" size="47882"/></sound><sound name="chapter 2 submarine v2 loop"><file premulAlpha="0" name="chapter 2 submarine v2 loop.ogg" size="1617280"/></sound><sound name="SUBMARINENG"><file premulAlpha="0" name="SUBMARINENG.ogg" size="73284"/></sound><sound name="DENIZ1"><file premulAlpha="0" name="DENIZ1.ogg" size="204539"/></sound><sound name="martı2"><file premulAlpha="0" name="martı2.ogg" size="28391"/></sound><sound name="BUBBLE2"><file premulAlpha="0" name="BUBBLE2.ogg" size="7982"/></sound><sound name="GEMI"><file premulAlpha="0" name="GEMI.ogg" size="132857"/></sound><sound name="SQ2"><file premulAlpha="0" name="SQ2.ogg" size="23340"/></sound><sound name="martı5"><file premulAlpha="0" name="martı5.ogg" size="34375"/></sound><sound name="Martı1"><file premulAlpha="0" name="Martı1.ogg" size="33361"/></sound><sound name="chapter 2 submarine v1"><file premulAlpha="0" name="chapter 2 submarine v1.ogg" size="1413983"/></sound><sound name="TRI1"><file premulAlpha="0" name="TRI1.ogg" size="19863"/></sound><sound name="WHALESING"><file premulAlpha="0" name="WHALESING.ogg" size="164491"/></sound><sound name="shark_bubl"><file premulAlpha="0" name="shark_bubl.ogg" size="49874"/></sound><sound name="UWAMB"><file premulAlpha="0" name="UWAMB.ogg" size="129808"/></sound></sounds><images><image name="atl3"><file premulAlpha="0" name="atl3.png" size="538847"/></image><image name="shark2"><file premulAlpha="0" name="shark2.png" size="16048"/></image><image name="tentc"><file premulAlpha="0" name="tentc.png" size="52187"/></image><image name="y1"><file premulAlpha="0" name="y1.png" size="801"/></image><image name="wav2"><file premulAlpha="0" name="wav2.png" size="2810"/></image><image name="bg2"><file premulAlpha="0" name="bg2.png" size="976798"/></image><image name="bottle1"><file premulAlpha="0" name="bottle1.png" size="131460"/></image><image name="shark4"><file premulAlpha="0" name="shark4.png" size="17112"/></image><image name="da1"><file premulAlpha="0" name="da1.png" size="1671"/></image><image name="gemibg"><file premulAlpha="0" name="gemibg.png" size="278165"/></image><image name="f1"><file premulAlpha="0" name="f1.png" size="327"/></image><image name="atl2"><file premulAlpha="0" name="atl2.png" size="309670"/></image><image name="d1"><file premulAlpha="0" name="d1.png" size="2263"/></image><image name="ge3"><file premulAlpha="0" name="ge3.png" size="90421"/></image><image name="krakee"><file premulAlpha="0" name="krakee.png" size="844890"/></image><image name="m1"><file premulAlpha="0" name="m1.png" size="1019"/></image><image name="sonar1"><file premulAlpha="0" name="sonar1.png" size="47853"/></image><image name="sb4"><file premulAlpha="0" name="sb4.png" size="89634"/></image><image name="left"><file premulAlpha="0" name="left.png" size="526"/></image><image name="b1"><file premulAlpha="0" name="b1.png" size="18516"/></image><image name="baloncuk"><file premulAlpha="0" name="baloncuk.png" size="1631"/></image><image name="shark3"><file premulAlpha="0" name="shark3.png" size="17212"/></image><image name="eye2"><file premulAlpha="0" name="eye2.png" size="1143"/></image><image name="boom2"><file premulAlpha="0" name="boom2.png" size="856"/></image><image name="down"><file premulAlpha="0" name="down.png" size="507"/></image><image name="bg1"><file premulAlpha="0" name="bg1.png" size="917660"/></image><image name="shark1"><file premulAlpha="0" name="shark1.png" size="7407"/></image><image name="sha1"><file premulAlpha="0" name="sha1.png" size="7567"/></image><image name="da2"><file premulAlpha="0" name="da2.png" size="1726"/></image><image name="bg2-1"><file premulAlpha="0" name="bg2-1.png" size="719382"/></image><image name="sub2"><file premulAlpha="0" name="sub2.png" size="17480"/></image><image name="ge2"><file premulAlpha="0" name="ge2.png" size="88985"/></image><image name="lahit1"><file premulAlpha="0" name="lahit1.png" size="28157"/></image><image name="atla2"><file premulAlpha="0" name="atla2.png" size="15780"/></image><image name="d3"><file premulAlpha="0" name="d3.png" size="6345"/></image><image name="bg3"><file premulAlpha="0" name="bg3.png" size="591775"/></image><image name="atla1"><file premulAlpha="0" name="atla1.png" size="16624"/></image><image name="sb5"><file premulAlpha="0" name="sb5.png" size="89620"/></image><image name="sb2"><file premulAlpha="0" name="sb2.png" size="89685"/></image><image name="m3"><file premulAlpha="0" name="m3.png" size="838"/></image><image name="wave"><file premulAlpha="0" name="wave.png" size="587083"/></image><image name="sha2"><file premulAlpha="0" name="sha2.png" size="16218"/></image><image name="sb1"><file premulAlpha="0" name="sb1.png" size="89710"/></image><image name="boom3"><file premulAlpha="0" name="boom3.png" size="832"/></image><image name="subb"><file premulAlpha="0" name="subb.png" size="39383"/></image><image name="tas1"><file premulAlpha="0" name="tas1.png" size="7734"/></image><image name="eye3"><file premulAlpha="0" name="eye3.png" size="885"/></image><image name="eye5"><file premulAlpha="0" name="eye5.png" size="355"/></image><image name="atla3"><file premulAlpha="0" name="atla3.png" size="17846"/></image><image name="atl1"><file premulAlpha="0" name="atl1.png" size="750957"/></image><image name="bg4"><file premulAlpha="0" name="bg4.png" size="183819"/></image><image name="b3"><file premulAlpha="0" name="b3.png" size="5169"/></image><image name="boom4"><file premulAlpha="0" name="boom4.png" size="539"/></image><image name="abbas"><file premulAlpha="0" name="abbas.png" size="37698"/></image><image name="wi11"><file premulAlpha="0" name="wi11.png" size="3066"/></image><image name="light"><file premulAlpha="0" name="light.png" size="1157563"/></image><image name="d2"><file premulAlpha="0" name="d2.png" size="5415"/></image><image name="sm"><file premulAlpha="0" name="sm.png" size="88872"/></image><image name="f2"><file premulAlpha="0" name="f2.png" size="480"/></image><image name="sha4"><file premulAlpha="0" name="sha4.png" size="17401"/></image><image name="b2"><file premulAlpha="0" name="b2.png" size="3751"/></image><image name="gemi11"><file premulAlpha="0" name="gemi11.png" size="125174"/></image><image name="ge1"><file premulAlpha="0" name="ge1.png" size="88906"/></image><image name="bg"><file premulAlpha="0" name="bg.png" size="969285"/></image><image name="boom1"><file premulAlpha="0" name="boom1.png" size="493"/></image><image name="m2"><file premulAlpha="0" name="m2.png" size="926"/></image><image name="eye4"><file premulAlpha="0" name="eye4.png" size="614"/></image><image name="ge4"><file premulAlpha="0" name="ge4.png" size="90421"/></image><image name="eye1"><file premulAlpha="0" name="eye1.png" size="1438"/></image><image name="sha3"><file premulAlpha="0" name="sha3.png" size="17594"/></image><image name="eye6"><file premulAlpha="0" name="eye6.png" size="277"/></image><image name="tentacle"><file premulAlpha="0" name="tentacle.png" size="43227"/></image></images><behaviors/><fonts/></assets>
