<?xml version="1.0" encoding="UTF-8"?>
<game GSCVersion="1.25.79" PGFVersion="0.25" title="New Blank Project"><resolutionIndependence>0</resolutionIndependence><instructions>Add game instructions here.</instructions><resolution>14</resolution><scenes><scene id="id269551" label="giris"/><scene id="id172838" label="Scene 1"/><scene id="id902717" label="Scene 2"/></scenes><longDescription>Ready to create the next hit game?  Start here.</longDescription><prototypes><actor id="id139429"/><actor id="id177239"/><actor id="id411583"/><actor id="id141381"/><actor id="id964040"/><actor id="id911887"/><actor id="id557050"/><actor id="id473348"/><actor id="id366020"/><actor id="id536130"/><actor id="id813261"/><actor id="id874357"/><actor id="id786436"/><actor id="id979289"/><actor id="id520628"/><actor id="id193964"/><actor id="id846457"/><actor id="id875387"/><actor id="id389336"/><actor id="id711732"/><actor id="id938247"/><actor id="id971320"/><actor id="id653893"/><actor id="id607000"/><actor id="id687487"/><actor id="id776388"/><actor id="id240476"/><actor id="id499700"/><actor id="id158579"/><actor id="id443327"/><actor id="id359959"/><actor id="id961639"/><actor id="id654473"/><actor id="id321138"/><actor id="id115222"/><actor id="id285906"/><actor id="id111548"/><actor id="id622190"/><actor id="id251473"/><actor id="id640499"/><actor id="id104132"/><actor id="id518743"/><actor id="id829946"/><actor id="id663347"/><actor id="id418252"/><actor id="id293878"/><actor id="id846180"/><actor id="id544415"/><actor id="id284874"/><actor id="id611240"/><actor id="id274783"/><actor id="id117353"/><actor id="id228862"/><actor id="id408191"/><actor id="id400045"/><actor id="id977769"/><actor id="id922469"/><actor id="id852735"/><actor id="id281576"/><actor id="id232397"/><actor id="id437161"/><actor id="id935654"/><actor id="id544668"/><actor id="id609238"/><actor id="id179197"/><actor id="id946421"/><actor id="id139698"/><actor id="id765096"/><actor id="id893201"/><actor id="id459650"/><actor id="id150669"/><actor id="id182143"/><actor id="id797782"/><actor id="id227941"/><actor id="id795144"/><actor id="id496930"/><actor id="id228980"/></prototypes><plugins><attributes id="playhaven"/><attributes id="qqgamecenter"><boolean id="enabled">false</boolean></attributes></plugins><networkEnabled>0</networkEnabled><attributes><text id="name">default name</text><real id="time">0</real><integer id="randomSeed">-1</integer><size id="displaySize"><real id="width">667</real><real id="height">375</real></size><text id="actorTags"></text><adreward id="adReward"><integer id="value">0</integer><text id="name"></text></adreward><enumeration id="playerType">1</enumeration><playermap id="player1 Keymap"><text id="dpadUp"></text><text id="dpadDown"></text><text id="dpadLeft"></text><text id="dpadRight"></text><text id="buttonX"></text><text id="buttonY"></text><text id="buttonA"></text><text id="buttonB"></text><text id="start"></text><text id="select"></text><text id="leftShoulder1"></text><text id="rightShoulder1"></text><text id="leftShoulder2"></text><text id="rightShoulder2"></text><text id="leftStickClick"></text><text id="rightStickClick"></text></playermap><playermap id="player2 Keymap"><text id="dpadUp"></text><text id="dpadDown"></text><text id="dpadLeft"></text><text id="dpadRight"></text><text id="buttonX"></text><text id="buttonY"></text><text id="buttonA"></text><text id="buttonB"></text><text id="start"></text><text id="select"></text><text id="leftShoulder1"></text><text id="rightShoulder1"></text><text id="leftShoulder2"></text><text id="rightShoulder2"></text><text id="leftStickClick"></text><text id="rightStickClick"></text></playermap><playermap id="player3 Keymap"><text id="dpadUp"></text><text id="dpadDown"></text><text id="dpadLeft"></text><text id="dpadRight"></text><text id="buttonX"></text><text id="buttonY"></text><text id="buttonA"></text><text id="buttonB"></text><text id="start"></text><text id="select"></text><text id="leftShoulder1"></text><text id="rightShoulder1"></text><text id="leftShoulder2"></text><text id="rightShoulder2"></text><text id="leftStickClick"></text><text id="rightStickClick"></text></playermap><playermap id="player4 Keymap"><text id="dpadUp"></text><text id="dpadDown"></text><text id="dpadLeft"></text><text id="dpadRight"></text><text id="buttonX"></text><text id="buttonY"></text><text id="buttonA"></text><text id="buttonB"></text><text id="start"></text><text id="select"></text><text id="leftShoulder1"></text><text id="rightShoulder1"></text><text id="leftShoulder2"></text><text id="rightShoulder2"></text><text id="leftStickClick"></text><text id="rightStickClick"></text></playermap><playermap id="player5 Keymap"><text id="dpadUp"></text><text id="dpadDown"></text><text id="dpadLeft"></text><text id="dpadRight"></text><text id="buttonX"></text><text id="buttonY"></text><text id="buttonA"></text><text id="buttonB"></text><text id="start"></text><text id="select"></text><text id="leftShoulder1"></text><text id="rightShoulder1"></text><text id="leftShoulder2"></text><text id="rightShoulder2"></text><text id="leftStickClick"></text><text id="rightStickClick"></text></playermap><playermap id="player6 Keymap"><text id="dpadUp"></text><text id="dpadDown"></text><text id="dpadLeft"></text><text id="dpadRight"></text><text id="buttonX"></text><text id="buttonY"></text><text id="buttonA"></text><text id="buttonB"></text><text id="start"></text><text id="select"></text><text id="leftShoulder1"></text><text id="rightShoulder1"></text><text id="leftShoulder2"></text><text id="rightShoulder2"></text><text id="leftStickClick"></text><text id="rightStickClick"></text></playermap><playermap id="player7 Keymap"><text id="dpadUp"></text><text id="dpadDown"></text><text id="dpadLeft"></text><text id="dpadRight"></text><text id="buttonX"></text><text id="buttonY"></text><text id="buttonA"></text><text id="buttonB"></text><text id="start"></text><text id="select"></text><text id="leftShoulder1"></text><text id="rightShoulder1"></text><text id="leftShoulder2"></text><text id="rightShoulder2"></text><text id="leftStickClick"></text><text id="rightStickClick"></text></playermap><playermap id="player8 Keymap"><text id="dpadUp"></text><text id="dpadDown"></text><text id="dpadLeft"></text><text id="dpadRight"></text><text id="buttonX"></text><text id="buttonY"></text><text id="buttonA"></text><text id="buttonB"></text><text id="start"></text><text id="select"></text><text id="leftShoulder1"></text><text id="rightShoulder1"></text><text id="leftShoulder2"></text><text id="rightShoulder2"></text><text id="leftStickClick"></text><text id="rightStickClick"></text></playermap><table name="PurchaseTable" id="id579274">PurchaseTable</table><boolean name="s1" id="id412066">false</boolean><integer name="go1" id="id757467">0</integer><boolean name="right" id="id642732">false</boolean><boolean name="left" id="id308931">false</boolean><boolean name="s2" id="id929813">false</boolean><boolean name="up" id="id434120">false</boolean><boolean name="down" id="id739421">false</boolean><integer name="x" id="id714164">0</integer><integer name="y" id="id675327">0</integer><integer name="sx" id="id317296">0</integer><integer name="sy" id="id958936">0</integer><integer name="s1x" id="id643611">0</integer><integer name="s2x" id="id679446">0</integer><integer name="sonar" id="id480632">5</integer><integer name="timer" id="id504924">30</integer><integer name="score" id="id974882">0</integer></attributes></game>
